% Composition,Normalized Inverse Flowability
0,0.8608590442
10,1
20,0.8794808405
30,0.6643323996
40,0.4181604467
50,0.2877072382
60,0
70,0
80,0
90,0
100,0